section,key,value
simulation_config,simulation_days,500
simulation_config,time_step_s,5.0
simulation_config,lat_es_deg,28.23088
simulation_config,lon_es_deg,-81.820348
simulation_config,eccentricity,0.0
simulation_config,inclination_deg,40.0
simulation_config,altitude_km,980.0
simulation_config,num_planes,5
simulation_config,sats_per_plane,5
simulation_config,total_sats,25
simulation_config,min_elevation_deg,5.0
simulation_config,r_earth_km,6371.0
simulation_config,mu_earth_km3s2,398600.4418
simulation_config,omega_earth_rads,7.2921159e-05
link_budget_config,EIRP_dBW,56.0
link_budget_config,G_R_dBi,40.0
link_budget_config,P_req_dBW,-105.0
link_budget_config,freq_rx_GHz,20.0
link_budget_config,freq_tx_GHz,30.0
link_budget_config,es_eirp_dBW,60.0
link_budget_config,sat_g_r_dBi,35.0
link_budget_config,misc_loss_rx_dB,2.0
link_budget_config,misc_loss_tx_dB,2.0
link_budget_config,atmos_zenith_rx_dB,0.5
link_budget_config,atmos_zenith_tx_dB,0.8
link_budget_config,theta_min_1pct_deg,5.0
link_budget_config,theta_min_5pct_deg,9.0
link_budget_config,mu_theta,32.329
link_budget_config,sigma_theta,24.203
orbital_summary,semi_major_axis_km,7351.0
orbital_summary,orbital_period_min,104.539
orbital_summary,total_time_steps,8640000
orbital_summary,visible_samples,7868234
orbital_summary,visibility_fraction_pct,91.0675
gamma_fit_pe_5.0deg,theta_min_deg,5.0
gamma_fit_pe_5.0deg,n_samples,7868234
gamma_fit_pe_5.0deg,gamma_shape,2.594511
gamma_fit_pe_5.0deg,gamma_loc,0.0
gamma_fit_pe_5.0deg,gamma_scale,10.697209
gamma_fit_pe_5.0deg,mean_theta_deg,27.754
gamma_fit_pe_5.0deg,std_theta_deg,17.0754
gamma_fit_pe_5.0deg,median_theta_deg,25.0589
gamma_fit_pe_5.0deg,q1_theta_deg,13.904
gamma_fit_pe_5.0deg,q3_theta_deg,37.2921
gamma_fit_pe_5.0deg,min_theta_deg,5.0
gamma_fit_pe_5.0deg,max_theta_deg,89.9665
gamma_fit_pe_9.0deg,theta_min_deg,9.0
gamma_fit_pe_9.0deg,n_samples,6929090
gamma_fit_pe_9.0deg,gamma_shape,3.715703
gamma_fit_pe_9.0deg,gamma_loc,0.0
gamma_fit_pe_9.0deg,gamma_scale,8.226758
gamma_fit_pe_9.0deg,mean_theta_deg,30.5682
gamma_fit_pe_9.0deg,std_theta_deg,16.2653
gamma_fit_pe_9.0deg,median_theta_deg,27.6317
gamma_fit_pe_9.0deg,q1_theta_deg,17.6767
gamma_fit_pe_9.0deg,q3_theta_deg,39.7576
gamma_fit_pe_9.0deg,min_theta_deg,9.0
gamma_fit_pe_9.0deg,max_theta_deg,89.9665
contact_duration,contact_threshold_deg,10.0
contact_duration,total_passes,31931
contact_duration,total_contact_time_s,33537355.0
contact_duration,mean_pass_duration_s,1050.31
contact_duration,median_pass_duration_s,1045.0
contact_duration,std_pass_duration_s,114.05
contact_duration,min_pass_duration_s,245.0
contact_duration,max_pass_duration_s,1205.0
link_budget_pe=1%,exceedance_prob,pe=1%
link_budget_pe=1%,theta_min_deg,5.0
link_budget_pe=1%,gamma_shape,2.594511
link_budget_pe=1%,gamma_loc,0.0
link_budget_pe=1%,gamma_scale,10.697209
link_budget_pe=1%,mean_theta_deg,27.754
link_budget_pe=1%,std_theta_deg,17.0754
link_budget_pe=1%,At_best_case_dB,177.4896
link_budget_pe=1%,At_worst_case_dB,202.3993
link_budget_pe=1%,At_expected_dB,193.0672
link_budget_pe=1%,At_median_dB,191.971
link_budget_pe=1%,At_std_dB,28.1731
link_budget_pe=1%,hotspot_theta_deg,16.96
link_budget_pe=1%,hotspot_At_dB,193.028
link_budget_pe=1%,FSPL_rx_expected_dB,183.8648
link_budget_pe=1%,atmos_loss_rx_expected_dB,1.7078
link_budget_pe=1%,misc_loss_rx_dB,2.0
link_budget_pe=1%,Pr_max_dBW,-262.2848
link_budget_pe=1%,Pr_min_dBW,-302.583
link_budget_pe=1%,Pr_expected_dBW,-284.6398
link_budget_pe=1%,Pr_median_dBW,-283.1645
link_budget_pe=1%,Pr_std_dBW,28.9238
link_budget_pe=1%,Pr_q1_dBW,-287.4499
link_budget_pe=1%,Pr_q3_dBW,-279.8563
link_budget_pe=1%,hotspot_Pr_dBW,-286.266
link_budget_pe=1%,P_required_dBW,-105.0
link_budget_pe=1%,link_margin_expected_dB,-179.6398
link_budget_pe=1%,link_margin_worst_case_dB,-197.583
link_budget_pe=1%,link_margin_best_case_dB,-157.2848
link_budget_pe=1%,link_margin_median_dB,-178.1645
link_budget_pe=1%,FSPL_tx_expected_dB,187.3866
link_budget_pe=1%,atmos_loss_tx_expected_dB,2.7325
link_budget_pe=1%,misc_loss_tx_dB,2.0
link_budget_pe=1%,Pr_tx_max_dBW,-267.1066
link_budget_pe=1%,Pr_tx_min_dBW,-310.5469
link_budget_pe=1%,Pr_tx_expected_dBW,-290.1863
link_budget_pe=1%,Pr_tx_median_dBW,-288.415
link_budget_pe=1%,Pr_tx_std_dBW,29.1802
link_budget_pe=1%,Pr_tx_q1_dBW,-293.1217
link_budget_pe=1%,Pr_tx_q3_dBW,-284.881
link_budget_pe=1%,hotspot_Pr_tx_dBW,-291.817
link_budget_pe=1%,link_margin_tx_expected_dB,-185.1863
link_budget_pe=1%,link_margin_tx_worst_case_dB,-205.5469
link_budget_pe=1%,link_margin_tx_best_case_dB,-162.1066
link_budget_pe=1%,link_margin_tx_median_dB,-183.415
link_budget_pe=5%,exceedance_prob,pe=5%
link_budget_pe=5%,theta_min_deg,9.0
link_budget_pe=5%,gamma_shape,3.715703
link_budget_pe=5%,gamma_loc,0.0
link_budget_pe=5%,gamma_scale,8.226758
link_budget_pe=5%,mean_theta_deg,30.5682
link_budget_pe=5%,std_theta_deg,16.2653
link_budget_pe=5%,At_best_case_dB,195.7342
link_budget_pe=5%,At_worst_case_dB,200.6132
link_budget_pe=5%,At_expected_dB,194.4622
link_budget_pe=5%,At_median_dB,193.6294
link_budget_pe=5%,At_std_dB,8.4732
link_budget_pe=5%,hotspot_theta_deg,22.432
link_budget_pe=5%,hotspot_At_dB,194.308
link_budget_pe=5%,FSPL_rx_expected_dB,183.2877
link_budget_pe=5%,atmos_loss_rx_expected_dB,1.3261
link_budget_pe=5%,misc_loss_rx_dB,2.0
link_budget_pe=5%,Pr_max_dBW,-280.5293
link_budget_pe=5%,Pr_min_dBW,-297.234
link_budget_pe=5%,Pr_expected_dBW,-285.076
link_budget_pe=5%,Pr_median_dBW,-283.9848
link_budget_pe=5%,Pr_std_dBW,9.8015
link_budget_pe=5%,Pr_q1_dBW,-287.6418
link_budget_pe=5%,Pr_q3_dBW,-280.8069
link_budget_pe=5%,hotspot_Pr_dBW,-285.972
link_budget_pe=5%,P_required_dBW,-105.0
link_budget_pe=5%,link_margin_expected_dB,-180.076
link_budget_pe=5%,link_margin_worst_case_dB,-192.234
link_budget_pe=5%,link_margin_best_case_dB,-175.5293
link_budget_pe=5%,link_margin_median_dB,-178.9848
link_budget_pe=5%,FSPL_tx_expected_dB,186.8095
link_budget_pe=5%,atmos_loss_tx_expected_dB,2.1218
link_budget_pe=5%,misc_loss_tx_dB,2.0
link_budget_pe=5%,Pr_tx_max_dBW,-285.3512
link_budget_pe=5%,Pr_tx_min_dBW,-303.6735
link_budget_pe=5%,Pr_tx_expected_dBW,-290.3935
link_budget_pe=5%,Pr_tx_median_dBW,-289.1474
link_budget_pe=5%,Pr_tx_std_dBW,10.1131
link_budget_pe=5%,Pr_tx_q1_dBW,-293.0869
link_budget_pe=5%,Pr_tx_q3_dBW,-285.8032
link_budget_pe=5%,hotspot_Pr_tx_dBW,-291.28
link_budget_pe=5%,link_margin_tx_expected_dB,-185.3935
link_budget_pe=5%,link_margin_tx_worst_case_dB,-198.6735
link_budget_pe=5%,link_margin_tx_best_case_dB,-180.3512
link_budget_pe=5%,link_margin_tx_median_dB,-184.1474
daily_mean_contact_s,day_0,1037.85
daily_mean_contact_s,day_1,1049.45
daily_mean_contact_s,day_2,1049.61
daily_mean_contact_s,day_3,1052.46
daily_mean_contact_s,day_4,1049.77
daily_mean_contact_s,day_5,1048.75
daily_mean_contact_s,day_6,1050.39
daily_mean_contact_s,day_7,1050.0
daily_mean_contact_s,day_8,1050.31
daily_mean_contact_s,day_9,1051.02
daily_mean_contact_s,day_10,1051.09
daily_mean_contact_s,day_11,1049.92
daily_mean_contact_s,day_12,1050.16
daily_mean_contact_s,day_13,1050.62
daily_mean_contact_s,day_14,1051.41
daily_mean_contact_s,day_15,1051.09
daily_mean_contact_s,day_16,1050.39
daily_mean_contact_s,day_17,1051.02
daily_mean_contact_s,day_18,1049.21
daily_mean_contact_s,day_19,1050.78
daily_mean_contact_s,day_20,1050.62
daily_mean_contact_s,day_21,1050.94
daily_mean_contact_s,day_22,1051.48
daily_mean_contact_s,day_23,1051.02
daily_mean_contact_s,day_24,1050.94
daily_mean_contact_s,day_25,1049.05
daily_mean_contact_s,day_26,1051.17
daily_mean_contact_s,day_27,1050.94
daily_mean_contact_s,day_28,1050.7
daily_mean_contact_s,day_29,1051.48
daily_mean_contact_s,day_30,1051.33
daily_mean_contact_s,day_31,1050.7
daily_mean_contact_s,day_32,1048.89
daily_mean_contact_s,day_33,1051.41
daily_mean_contact_s,day_34,1050.78
daily_mean_contact_s,day_35,1051.02
daily_mean_contact_s,day_36,1050.78
daily_mean_contact_s,day_37,1050.86
daily_mean_contact_s,day_38,1051.02
daily_mean_contact_s,day_39,1049.05
daily_mean_contact_s,day_40,1050.7
daily_mean_contact_s,day_41,1051.09
daily_mean_contact_s,day_42,1050.62
daily_mean_contact_s,day_43,1049.92
daily_mean_contact_s,day_44,1050.55
daily_mean_contact_s,day_45,1049.38
daily_mean_contact_s,day_46,1051.27
daily_mean_contact_s,day_47,1050.16
daily_mean_contact_s,day_48,1049.84
daily_mean_contact_s,day_49,1049.77
daily_mean_contact_s,day_50,1050.31
daily_mean_contact_s,day_51,1049.53
daily_mean_contact_s,day_52,1049.22
daily_mean_contact_s,day_53,1052.46
daily_mean_contact_s,day_54,1049.84
daily_mean_contact_s,day_55,1048.59
daily_mean_contact_s,day_56,1050.08
daily_mean_contact_s,day_57,1050.23
daily_mean_contact_s,day_58,1048.67
daily_mean_contact_s,day_59,1049.92
daily_mean_contact_s,day_60,1052.06
daily_mean_contact_s,day_61,1049.45
daily_mean_contact_s,day_62,1049.92
daily_mean_contact_s,day_63,1050.08
daily_mean_contact_s,day_64,1049.84
daily_mean_contact_s,day_65,1049.77
daily_mean_contact_s,day_66,1049.69
daily_mean_contact_s,day_67,1051.51
daily_mean_contact_s,day_68,1049.69
daily_mean_contact_s,day_69,1050.16
daily_mean_contact_s,day_70,1049.61
daily_mean_contact_s,day_71,1049.06
daily_mean_contact_s,day_72,1050.23
daily_mean_contact_s,day_73,1050.39
daily_mean_contact_s,day_74,1048.75
daily_mean_contact_s,day_75,1052.22
daily_mean_contact_s,day_76,1050.39
daily_mean_contact_s,day_77,1049.06
daily_mean_contact_s,day_78,1049.69
daily_mean_contact_s,day_79,1050.16
daily_mean_contact_s,day_80,1051.02
daily_mean_contact_s,day_81,1050.86
daily_mean_contact_s,day_82,1049.44
daily_mean_contact_s,day_83,1050.86
daily_mean_contact_s,day_84,1050.31
daily_mean_contact_s,day_85,1050.47
daily_mean_contact_s,day_86,1050.55
daily_mean_contact_s,day_87,1051.17
daily_mean_contact_s,day_88,1051.48
daily_mean_contact_s,day_89,1048.65
daily_mean_contact_s,day_90,1050.78
daily_mean_contact_s,day_91,1051.25
daily_mean_contact_s,day_92,1051.09
daily_mean_contact_s,day_93,1050.47
daily_mean_contact_s,day_94,1051.02
daily_mean_contact_s,day_95,1051.41
daily_mean_contact_s,day_96,1048.81
daily_mean_contact_s,day_97,1050.62
daily_mean_contact_s,day_98,1051.09
daily_mean_contact_s,day_99,1051.33
daily_mean_contact_s,day_100,1051.17
daily_mean_contact_s,day_101,1051.09
daily_mean_contact_s,day_102,1051.09
daily_mean_contact_s,day_103,1051.25
daily_mean_contact_s,day_104,1049.05
daily_mean_contact_s,day_105,1050.55
daily_mean_contact_s,day_106,1050.78
daily_mean_contact_s,day_107,1051.25
daily_mean_contact_s,day_108,1050.62
daily_mean_contact_s,day_109,1050.39
daily_mean_contact_s,day_110,1051.09
daily_mean_contact_s,day_111,1049.44
daily_mean_contact_s,day_112,1050.78
daily_mean_contact_s,day_113,1050.86
daily_mean_contact_s,day_114,1050.55
daily_mean_contact_s,day_115,1050.86
daily_mean_contact_s,day_116,1050.23
daily_mean_contact_s,day_117,1049.92
daily_mean_contact_s,day_118,1050.86
daily_mean_contact_s,day_119,1050.47
daily_mean_contact_s,day_120,1050.0
daily_mean_contact_s,day_121,1048.83
daily_mean_contact_s,day_122,1050.0
daily_mean_contact_s,day_123,1049.92
daily_mean_contact_s,day_124,1050.24
daily_mean_contact_s,day_125,1050.23
daily_mean_contact_s,day_126,1050.62
daily_mean_contact_s,day_127,1049.61
daily_mean_contact_s,day_128,1049.53
daily_mean_contact_s,day_129,1050.08
daily_mean_contact_s,day_130,1049.77
daily_mean_contact_s,day_131,1051.51
daily_mean_contact_s,day_132,1049.77
daily_mean_contact_s,day_133,1049.3
daily_mean_contact_s,day_134,1049.84
daily_mean_contact_s,day_135,1050.0
daily_mean_contact_s,day_136,1049.38
daily_mean_contact_s,day_137,1049.3
daily_mean_contact_s,day_138,1050.31
daily_mean_contact_s,day_139,1052.38
daily_mean_contact_s,day_140,1048.59
daily_mean_contact_s,day_141,1050.39
daily_mean_contact_s,day_142,1050.23
daily_mean_contact_s,day_143,1048.83
daily_mean_contact_s,day_144,1049.61
daily_mean_contact_s,day_145,1050.16
daily_mean_contact_s,day_146,1051.67
daily_mean_contact_s,day_147,1049.45
daily_mean_contact_s,day_148,1050.0
daily_mean_contact_s,day_149,1049.61
daily_mean_contact_s,day_150,1049.53
daily_mean_contact_s,day_151,1050.23
daily_mean_contact_s,day_152,1050.39
daily_mean_contact_s,day_153,1050.48
daily_mean_contact_s,day_154,1050.47
daily_mean_contact_s,day_155,1050.08
daily_mean_contact_s,day_156,1050.39
daily_mean_contact_s,day_157,1050.94
daily_mean_contact_s,day_158,1050.86
daily_mean_contact_s,day_159,1050.47
daily_mean_contact_s,day_160,1051.09
daily_mean_contact_s,day_161,1048.89
daily_mean_contact_s,day_162,1050.7
daily_mean_contact_s,day_163,1050.55
daily_mean_contact_s,day_164,1051.33
daily_mean_contact_s,day_165,1051.56
daily_mean_contact_s,day_166,1051.33
daily_mean_contact_s,day_167,1050.78
daily_mean_contact_s,day_168,1048.89
daily_mean_contact_s,day_169,1051.17
daily_mean_contact_s,day_170,1051.17
daily_mean_contact_s,day_171,1050.62
daily_mean_contact_s,day_172,1050.7
daily_mean_contact_s,day_173,1051.33
daily_mean_contact_s,day_174,1050.86
daily_mean_contact_s,day_175,1048.41
daily_mean_contact_s,day_176,1051.25
daily_mean_contact_s,day_177,1050.94
daily_mean_contact_s,day_178,1051.17
daily_mean_contact_s,day_179,1051.17
daily_mean_contact_s,day_180,1050.78
daily_mean_contact_s,day_181,1051.09
daily_mean_contact_s,day_182,1048.65
daily_mean_contact_s,day_183,1050.7
daily_mean_contact_s,day_184,1051.17
daily_mean_contact_s,day_185,1050.86
daily_mean_contact_s,day_186,1050.39
daily_mean_contact_s,day_187,1050.39
daily_mean_contact_s,day_188,1050.08
daily_mean_contact_s,day_189,1050.48
daily_mean_contact_s,day_190,1050.47
daily_mean_contact_s,day_191,1050.31
daily_mean_contact_s,day_192,1050.39
daily_mean_contact_s,day_193,1049.3
daily_mean_contact_s,day_194,1049.53
daily_mean_contact_s,day_195,1051.9
daily_mean_contact_s,day_196,1049.77
daily_mean_contact_s,day_197,1049.77
daily_mean_contact_s,day_198,1049.69
daily_mean_contact_s,day_199,1049.61
daily_mean_contact_s,day_200,1049.53
daily_mean_contact_s,day_201,1049.84
daily_mean_contact_s,day_202,1049.22
daily_mean_contact_s,day_203,1051.67
daily_mean_contact_s,day_204,1050.7
daily_mean_contact_s,day_205,1050.31
daily_mean_contact_s,day_206,1048.67
daily_mean_contact_s,day_207,1050.23
daily_mean_contact_s,day_208,1050.08
daily_mean_contact_s,day_209,1048.67
daily_mean_contact_s,day_210,1051.67
daily_mean_contact_s,day_211,1050.31
daily_mean_contact_s,day_212,1049.45
daily_mean_contact_s,day_213,1049.45
daily_mean_contact_s,day_214,1050.23
daily_mean_contact_s,day_215,1049.53
daily_mean_contact_s,day_216,1049.53
daily_mean_contact_s,day_217,1052.14
daily_mean_contact_s,day_218,1049.84
daily_mean_contact_s,day_219,1049.38
daily_mean_contact_s,day_220,1050.47
daily_mean_contact_s,day_221,1049.38
daily_mean_contact_s,day_222,1048.98
daily_mean_contact_s,day_223,1050.31
daily_mean_contact_s,day_224,1050.08
daily_mean_contact_s,day_225,1050.48
daily_mean_contact_s,day_226,1050.16
daily_mean_contact_s,day_227,1050.31
daily_mean_contact_s,day_228,1050.55
daily_mean_contact_s,day_229,1050.78
daily_mean_contact_s,day_230,1050.86
daily_mean_contact_s,day_231,1051.09
daily_mean_contact_s,day_232,1049.21
daily_mean_contact_s,day_233,1050.39
daily_mean_contact_s,day_234,1051.17
daily_mean_contact_s,day_235,1051.02
daily_mean_contact_s,day_236,1050.94
daily_mean_contact_s,day_237,1050.47
daily_mean_contact_s,day_238,1050.78
daily_mean_contact_s,day_239,1048.57
daily_mean_contact_s,day_240,1050.7
daily_mean_contact_s,day_241,1050.7
daily_mean_contact_s,day_242,1051.8
daily_mean_contact_s,day_243,1051.41
daily_mean_contact_s,day_244,1051.02
daily_mean_contact_s,day_245,1050.94
daily_mean_contact_s,day_246,1048.81
daily_mean_contact_s,day_247,1051.33
daily_mean_contact_s,day_248,1050.78
daily_mean_contact_s,day_249,1050.94
daily_mean_contact_s,day_250,1051.41
daily_mean_contact_s,day_251,1050.94
daily_mean_contact_s,day_252,1050.62
daily_mean_contact_s,day_253,1051.09
daily_mean_contact_s,day_254,1049.05
daily_mean_contact_s,day_255,1051.25
daily_mean_contact_s,day_256,1050.62
daily_mean_contact_s,day_257,1050.78
daily_mean_contact_s,day_258,1051.02
daily_mean_contact_s,day_259,1050.23
daily_mean_contact_s,day_260,1049.05
daily_mean_contact_s,day_261,1050.7
daily_mean_contact_s,day_262,1050.94
daily_mean_contact_s,day_263,1050.39
daily_mean_contact_s,day_264,1049.92
daily_mean_contact_s,day_265,1049.77
daily_mean_contact_s,day_266,1049.69
daily_mean_contact_s,day_267,1052.22
daily_mean_contact_s,day_268,1049.77
daily_mean_contact_s,day_269,1049.3
daily_mean_contact_s,day_270,1050.23
daily_mean_contact_s,day_271,1049.84
daily_mean_contact_s,day_272,1048.91
daily_mean_contact_s,day_273,1050.39
daily_mean_contact_s,day_274,1051.98
daily_mean_contact_s,day_275,1048.28
daily_mean_contact_s,day_276,1049.77
daily_mean_contact_s,day_277,1050.23
daily_mean_contact_s,day_278,1048.98
daily_mean_contact_s,day_279,1049.45
daily_mean_contact_s,day_280,1050.47
daily_mean_contact_s,day_281,1051.9
daily_mean_contact_s,day_282,1050.0
daily_mean_contact_s,day_283,1049.77
daily_mean_contact_s,day_284,1049.69
daily_mean_contact_s,day_285,1049.45
daily_mean_contact_s,day_286,1050.62
daily_mean_contact_s,day_287,1049.53
daily_mean_contact_s,day_288,1048.98
daily_mean_contact_s,day_289,1052.22
daily_mean_contact_s,day_290,1050.0
daily_mean_contact_s,day_291,1048.91
daily_mean_contact_s,day_292,1050.31
daily_mean_contact_s,day_293,1050.31
daily_mean_contact_s,day_294,1049.06
daily_mean_contact_s,day_295,1050.08
daily_mean_contact_s,day_296,1051.75
daily_mean_contact_s,day_297,1049.61
daily_mean_contact_s,day_298,1049.38
daily_mean_contact_s,day_299,1049.69
daily_mean_contact_s,day_300,1051.02
daily_mean_contact_s,day_301,1050.78
daily_mean_contact_s,day_302,1050.39
daily_mean_contact_s,day_303,1049.44
daily_mean_contact_s,day_304,1050.7
daily_mean_contact_s,day_305,1050.94
daily_mean_contact_s,day_306,1050.62
daily_mean_contact_s,day_307,1050.94
daily_mean_contact_s,day_308,1051.41
daily_mean_contact_s,day_309,1050.7
daily_mean_contact_s,day_310,1050.62
daily_mean_contact_s,day_311,1048.81
daily_mean_contact_s,day_312,1051.25
daily_mean_contact_s,day_313,1051.25
daily_mean_contact_s,day_314,1050.23
daily_mean_contact_s,day_315,1051.09
daily_mean_contact_s,day_316,1051.41
daily_mean_contact_s,day_317,1050.86
daily_mean_contact_s,day_318,1048.02
daily_mean_contact_s,day_319,1051.56
daily_mean_contact_s,day_320,1051.48
daily_mean_contact_s,day_321,1051.56
daily_mean_contact_s,day_322,1050.62
daily_mean_contact_s,day_323,1050.78
daily_mean_contact_s,day_324,1051.48
daily_mean_contact_s,day_325,1048.73
daily_mean_contact_s,day_326,1050.78
daily_mean_contact_s,day_327,1051.09
daily_mean_contact_s,day_328,1051.17
daily_mean_contact_s,day_329,1050.47
daily_mean_contact_s,day_330,1050.94
daily_mean_contact_s,day_331,1050.7
daily_mean_contact_s,day_332,1049.68
daily_mean_contact_s,day_333,1050.7
daily_mean_contact_s,day_334,1050.62
daily_mean_contact_s,day_335,1050.62
daily_mean_contact_s,day_336,1050.31
daily_mean_contact_s,day_337,1049.69
daily_mean_contact_s,day_338,1050.79
daily_mean_contact_s,day_339,1050.47
daily_mean_contact_s,day_340,1050.0
daily_mean_contact_s,day_341,1048.59
daily_mean_contact_s,day_342,1050.08
daily_mean_contact_s,day_343,1050.55
daily_mean_contact_s,day_344,1049.14
daily_mean_contact_s,day_345,1051.67
daily_mean_contact_s,day_346,1050.55
daily_mean_contact_s,day_347,1049.53
daily_mean_contact_s,day_348,1049.53
daily_mean_contact_s,day_349,1049.61
daily_mean_contact_s,day_350,1049.77
daily_mean_contact_s,day_351,1049.84
daily_mean_contact_s,day_352,1050.08
daily_mean_contact_s,day_353,1050.95
daily_mean_contact_s,day_354,1049.3
daily_mean_contact_s,day_355,1050.0
daily_mean_contact_s,day_356,1049.92
daily_mean_contact_s,day_357,1048.52
daily_mean_contact_s,day_358,1050.7
daily_mean_contact_s,day_359,1050.7
daily_mean_contact_s,day_360,1050.79
daily_mean_contact_s,day_361,1049.77
daily_mean_contact_s,day_362,1050.23
daily_mean_contact_s,day_363,1049.77
daily_mean_contact_s,day_364,1049.53
daily_mean_contact_s,day_365,1050.23
daily_mean_contact_s,day_366,1049.84
daily_mean_contact_s,day_367,1051.67
daily_mean_contact_s,day_368,1049.77
daily_mean_contact_s,day_369,1049.69
daily_mean_contact_s,day_370,1049.53
daily_mean_contact_s,day_371,1050.31
daily_mean_contact_s,day_372,1050.23
daily_mean_contact_s,day_373,1050.55
daily_mean_contact_s,day_374,1050.94
daily_mean_contact_s,day_375,1049.44
daily_mean_contact_s,day_376,1050.31
daily_mean_contact_s,day_377,1050.78
daily_mean_contact_s,day_378,1051.02
daily_mean_contact_s,day_379,1050.86
daily_mean_contact_s,day_380,1050.62
daily_mean_contact_s,day_381,1051.33
daily_mean_contact_s,day_382,1049.21
daily_mean_contact_s,day_383,1050.78
daily_mean_contact_s,day_384,1050.94
daily_mean_contact_s,day_385,1051.41
daily_mean_contact_s,day_386,1050.94
daily_mean_contact_s,day_387,1051.25
daily_mean_contact_s,day_388,1050.55
daily_mean_contact_s,day_389,1048.73
daily_mean_contact_s,day_390,1051.41
daily_mean_contact_s,day_391,1050.62
daily_mean_contact_s,day_392,1050.39
daily_mean_contact_s,day_393,1051.33
daily_mean_contact_s,day_394,1050.86
daily_mean_contact_s,day_395,1050.47
daily_mean_contact_s,day_396,1049.13
daily_mean_contact_s,day_397,1051.25
daily_mean_contact_s,day_398,1051.8
daily_mean_contact_s,day_399,1050.62
daily_mean_contact_s,day_400,1050.78
daily_mean_contact_s,day_401,1051.09
daily_mean_contact_s,day_402,1051.17
daily_mean_contact_s,day_403,1049.05
daily_mean_contact_s,day_404,1050.94
daily_mean_contact_s,day_405,1051.02
daily_mean_contact_s,day_406,1050.62
daily_mean_contact_s,day_407,1050.31
daily_mean_contact_s,day_408,1050.39
daily_mean_contact_s,day_409,1050.31
daily_mean_contact_s,day_410,1050.56
daily_mean_contact_s,day_411,1050.31
daily_mean_contact_s,day_412,1050.16
daily_mean_contact_s,day_413,1049.61
daily_mean_contact_s,day_414,1049.61
daily_mean_contact_s,day_415,1049.69
daily_mean_contact_s,day_416,1049.92
daily_mean_contact_s,day_417,1051.59
daily_mean_contact_s,day_418,1049.84
daily_mean_contact_s,day_419,1049.53
daily_mean_contact_s,day_420,1049.61
daily_mean_contact_s,day_421,1050.16
daily_mean_contact_s,day_422,1050.08
daily_mean_contact_s,day_423,1048.98
daily_mean_contact_s,day_424,1052.3
daily_mean_contact_s,day_425,1050.0
daily_mean_contact_s,day_426,1048.75
daily_mean_contact_s,day_427,1049.84
daily_mean_contact_s,day_428,1050.39
daily_mean_contact_s,day_429,1049.53
daily_mean_contact_s,day_430,1048.98
daily_mean_contact_s,day_431,1050.16
daily_mean_contact_s,day_432,1051.35
daily_mean_contact_s,day_433,1049.61
daily_mean_contact_s,day_434,1049.38
daily_mean_contact_s,day_435,1050.0
daily_mean_contact_s,day_436,1050.0
daily_mean_contact_s,day_437,1050.55
daily_mean_contact_s,day_438,1049.84
daily_mean_contact_s,day_439,1050.87
daily_mean_contact_s,day_440,1050.47
daily_mean_contact_s,day_441,1050.0
daily_mean_contact_s,day_442,1048.75
daily_mean_contact_s,day_443,1050.23
daily_mean_contact_s,day_444,1050.55
daily_mean_contact_s,day_445,1050.23
daily_mean_contact_s,day_446,1050.16
daily_mean_contact_s,day_447,1050.7
daily_mean_contact_s,day_448,1050.62
daily_mean_contact_s,day_449,1050.47
daily_mean_contact_s,day_450,1050.86
daily_mean_contact_s,day_451,1050.94
daily_mean_contact_s,day_452,1050.94
daily_mean_contact_s,day_453,1049.05
daily_mean_contact_s,day_454,1050.62
daily_mean_contact_s,day_455,1051.09
daily_mean_contact_s,day_456,1051.17
daily_mean_contact_s,day_457,1050.78
daily_mean_contact_s,day_458,1050.55
daily_mean_contact_s,day_459,1051.41
daily_mean_contact_s,day_460,1051.33
daily_mean_contact_s,day_461,1048.41
daily_mean_contact_s,day_462,1051.72
daily_mean_contact_s,day_463,1050.94
daily_mean_contact_s,day_464,1051.25
daily_mean_contact_s,day_465,1050.47
daily_mean_contact_s,day_466,1050.94
daily_mean_contact_s,day_467,1051.8
daily_mean_contact_s,day_468,1048.65
daily_mean_contact_s,day_469,1050.55
daily_mean_contact_s,day_470,1051.09
daily_mean_contact_s,day_471,1050.94
daily_mean_contact_s,day_472,1050.78
daily_mean_contact_s,day_473,1050.55
daily_mean_contact_s,day_474,1051.02
daily_mean_contact_s,day_475,1050.0
daily_mean_contact_s,day_476,1050.86
daily_mean_contact_s,day_477,1050.62
daily_mean_contact_s,day_478,1050.94
daily_mean_contact_s,day_479,1050.78
daily_mean_contact_s,day_480,1050.23
daily_mean_contact_s,day_481,1050.0
daily_mean_contact_s,day_482,1050.71
daily_mean_contact_s,day_483,1050.78
daily_mean_contact_s,day_484,1050.0
daily_mean_contact_s,day_485,1049.77
daily_mean_contact_s,day_486,1049.61
daily_mean_contact_s,day_487,1050.23
daily_mean_contact_s,day_488,1051.75
daily_mean_contact_s,day_489,1049.06
daily_mean_contact_s,day_490,1050.16
daily_mean_contact_s,day_491,1050.16
daily_mean_contact_s,day_492,1048.59
daily_mean_contact_s,day_493,1050.16
daily_mean_contact_s,day_494,1050.39
daily_mean_contact_s,day_495,1049.3
daily_mean_contact_s,day_496,1051.27
daily_mean_contact_s,day_497,1050.47
daily_mean_contact_s,day_498,1049.38
daily_mean_contact_s,day_499,1044.84
At_curve_pe1pct,theta_5.0,202.3993
At_curve_pe1pct,theta_5.43,201.7144
At_curve_pe1pct,theta_5.85,201.0673
At_curve_pe1pct,theta_6.28,200.4564
At_curve_pe1pct,theta_6.71,199.88
At_curve_pe1pct,theta_7.14,199.3365
At_curve_pe1pct,theta_7.56,198.8245
At_curve_pe1pct,theta_7.99,198.3425
At_curve_pe1pct,theta_8.42,197.889
At_curve_pe1pct,theta_8.84,197.4628
At_curve_pe1pct,theta_9.27,197.0624
At_curve_pe1pct,theta_9.7,196.6866
At_curve_pe1pct,theta_10.13,196.3342
At_curve_pe1pct,theta_10.55,196.004
At_curve_pe1pct,theta_10.98,195.6948
At_curve_pe1pct,theta_11.41,195.4056
At_curve_pe1pct,theta_11.83,195.1352
At_curve_pe1pct,theta_12.26,194.8827
At_curve_pe1pct,theta_12.69,194.6471
At_curve_pe1pct,theta_13.12,194.4274
At_curve_pe1pct,theta_13.54,194.2226
At_curve_pe1pct,theta_13.97,194.0321
At_curve_pe1pct,theta_14.4,193.8548
At_curve_pe1pct,theta_14.82,193.69
At_curve_pe1pct,theta_15.25,193.5369
At_curve_pe1pct,theta_15.68,193.3948
At_curve_pe1pct,theta_16.11,193.2631
At_curve_pe1pct,theta_16.53,193.1409
At_curve_pe1pct,theta_16.96,193.0276
At_curve_pe1pct,theta_17.39,192.9227
At_curve_pe1pct,theta_17.81,192.8256
At_curve_pe1pct,theta_18.24,192.7357
At_curve_pe1pct,theta_18.67,192.6524
At_curve_pe1pct,theta_19.1,192.5753
At_curve_pe1pct,theta_19.52,192.5038
At_curve_pe1pct,theta_19.95,192.4376
At_curve_pe1pct,theta_20.38,192.3762
At_curve_pe1pct,theta_20.8,192.3191
At_curve_pe1pct,theta_21.23,192.266
At_curve_pe1pct,theta_21.66,192.2166
At_curve_pe1pct,theta_22.09,192.1704
At_curve_pe1pct,theta_22.51,192.1272
At_curve_pe1pct,theta_22.94,192.0866
At_curve_pe1pct,theta_23.37,192.0484
At_curve_pe1pct,theta_23.79,192.0122
At_curve_pe1pct,theta_24.22,191.9779
At_curve_pe1pct,theta_24.65,191.9452
At_curve_pe1pct,theta_25.08,191.9139
At_curve_pe1pct,theta_25.5,191.8838
At_curve_pe1pct,theta_25.93,191.8546
At_curve_pe1pct,theta_26.36,191.8263
At_curve_pe1pct,theta_26.78,191.7987
At_curve_pe1pct,theta_27.21,191.7715
At_curve_pe1pct,theta_27.64,191.7448
At_curve_pe1pct,theta_28.07,191.7183
At_curve_pe1pct,theta_28.49,191.692
At_curve_pe1pct,theta_28.92,191.6657
At_curve_pe1pct,theta_29.35,191.6393
At_curve_pe1pct,theta_29.77,191.6129
At_curve_pe1pct,theta_30.2,191.5863
At_curve_pe1pct,theta_30.63,191.5594
At_curve_pe1pct,theta_31.06,191.5322
At_curve_pe1pct,theta_31.48,191.5047
At_curve_pe1pct,theta_31.91,191.4768
At_curve_pe1pct,theta_32.34,191.4485
At_curve_pe1pct,theta_32.76,191.4197
At_curve_pe1pct,theta_33.19,191.3905
At_curve_pe1pct,theta_33.62,191.3609
At_curve_pe1pct,theta_34.05,191.3307
At_curve_pe1pct,theta_34.47,191.3001
At_curve_pe1pct,theta_34.9,191.269
At_curve_pe1pct,theta_35.33,191.2375
At_curve_pe1pct,theta_35.75,191.2054
At_curve_pe1pct,theta_36.18,191.173
At_curve_pe1pct,theta_36.61,191.1401
At_curve_pe1pct,theta_37.04,191.1067
At_curve_pe1pct,theta_37.46,191.073
At_curve_pe1pct,theta_37.89,191.0389
At_curve_pe1pct,theta_38.32,191.0045
At_curve_pe1pct,theta_38.74,190.9698
At_curve_pe1pct,theta_39.17,190.9347
At_curve_pe1pct,theta_39.6,190.8993
At_curve_pe1pct,theta_40.03,190.8637
At_curve_pe1pct,theta_40.45,190.8279
At_curve_pe1pct,theta_40.88,190.7919
At_curve_pe1pct,theta_41.31,190.7557
At_curve_pe1pct,theta_41.73,190.7194
At_curve_pe1pct,theta_42.16,190.6829
At_curve_pe1pct,theta_42.59,190.6463
At_curve_pe1pct,theta_43.02,190.6096
At_curve_pe1pct,theta_43.44,190.5728
At_curve_pe1pct,theta_43.87,190.536
At_curve_pe1pct,theta_44.3,190.4991
At_curve_pe1pct,theta_44.72,190.4623
At_curve_pe1pct,theta_45.15,190.4253
At_curve_pe1pct,theta_45.58,190.3884
At_curve_pe1pct,theta_46.01,190.3515
At_curve_pe1pct,theta_46.43,190.3145
At_curve_pe1pct,theta_46.86,190.2776
At_curve_pe1pct,theta_47.29,190.2406
At_curve_pe1pct,theta_47.71,190.2036
At_curve_pe1pct,theta_48.14,190.1666
At_curve_pe1pct,theta_48.57,190.1295
At_curve_pe1pct,theta_48.99,190.0923
At_curve_pe1pct,theta_49.42,190.0551
At_curve_pe1pct,theta_49.85,190.0177
At_curve_pe1pct,theta_50.28,189.9802
At_curve_pe1pct,theta_50.7,189.9425
At_curve_pe1pct,theta_51.13,189.9046
At_curve_pe1pct,theta_51.56,189.8664
At_curve_pe1pct,theta_51.98,189.8279
At_curve_pe1pct,theta_52.41,189.7891
At_curve_pe1pct,theta_52.84,189.7499
At_curve_pe1pct,theta_53.27,189.7102
At_curve_pe1pct,theta_53.69,189.67
At_curve_pe1pct,theta_54.12,189.6293
At_curve_pe1pct,theta_54.55,189.5879
At_curve_pe1pct,theta_54.97,189.5457
At_curve_pe1pct,theta_55.4,189.5028
At_curve_pe1pct,theta_55.83,189.4591
At_curve_pe1pct,theta_56.26,189.4144
At_curve_pe1pct,theta_56.68,189.3687
At_curve_pe1pct,theta_57.11,189.3219
At_curve_pe1pct,theta_57.54,189.2738
At_curve_pe1pct,theta_57.96,189.2245
At_curve_pe1pct,theta_58.39,189.1739
At_curve_pe1pct,theta_58.82,189.1217
At_curve_pe1pct,theta_59.25,189.068
At_curve_pe1pct,theta_59.67,189.0126
At_curve_pe1pct,theta_60.1,188.9555
At_curve_pe1pct,theta_60.53,188.8964
At_curve_pe1pct,theta_60.95,188.8354
At_curve_pe1pct,theta_61.38,188.7723
At_curve_pe1pct,theta_61.81,188.707
At_curve_pe1pct,theta_62.24,188.6394
At_curve_pe1pct,theta_62.66,188.5694
At_curve_pe1pct,theta_63.09,188.4969
At_curve_pe1pct,theta_63.52,188.4217
At_curve_pe1pct,theta_63.94,188.3438
At_curve_pe1pct,theta_64.37,188.2631
At_curve_pe1pct,theta_64.8,188.1794
At_curve_pe1pct,theta_65.23,188.0926
At_curve_pe1pct,theta_65.65,188.0027
At_curve_pe1pct,theta_66.08,187.9095
At_curve_pe1pct,theta_66.51,187.813
At_curve_pe1pct,theta_66.93,187.713
At_curve_pe1pct,theta_67.36,187.6094
At_curve_pe1pct,theta_67.79,187.5022
At_curve_pe1pct,theta_68.22,187.3913
At_curve_pe1pct,theta_68.64,187.2765
At_curve_pe1pct,theta_69.07,187.1578
At_curve_pe1pct,theta_69.5,187.0352
At_curve_pe1pct,theta_69.92,186.9084
At_curve_pe1pct,theta_70.35,186.7776
At_curve_pe1pct,theta_70.78,186.6426
At_curve_pe1pct,theta_71.21,186.5034
At_curve_pe1pct,theta_71.63,186.36
At_curve_pe1pct,theta_72.06,186.2122
At_curve_pe1pct,theta_72.49,186.0601
At_curve_pe1pct,theta_72.91,185.9036
At_curve_pe1pct,theta_73.34,185.7428
At_curve_pe1pct,theta_73.77,185.5776
At_curve_pe1pct,theta_74.2,185.408
At_curve_pe1pct,theta_74.62,185.2341
At_curve_pe1pct,theta_75.05,185.0559
At_curve_pe1pct,theta_75.48,184.8734
At_curve_pe1pct,theta_75.9,184.6866
At_curve_pe1pct,theta_76.33,184.4958
At_curve_pe1pct,theta_76.76,184.3008
At_curve_pe1pct,theta_77.19,184.1019
At_curve_pe1pct,theta_77.61,183.8991
At_curve_pe1pct,theta_78.04,183.6925
At_curve_pe1pct,theta_78.47,183.4823
At_curve_pe1pct,theta_78.89,183.2687
At_curve_pe1pct,theta_79.32,183.0518
At_curve_pe1pct,theta_79.75,182.8317
At_curve_pe1pct,theta_80.18,182.6088
At_curve_pe1pct,theta_80.6,182.3832
At_curve_pe1pct,theta_81.03,182.1552
At_curve_pe1pct,theta_81.46,181.925
At_curve_pe1pct,theta_81.88,181.693
At_curve_pe1pct,theta_82.31,181.4594
At_curve_pe1pct,theta_82.74,181.2245
At_curve_pe1pct,theta_83.17,180.9888
At_curve_pe1pct,theta_83.59,180.7526
At_curve_pe1pct,theta_84.02,180.5163
At_curve_pe1pct,theta_84.45,180.2803
At_curve_pe1pct,theta_84.87,180.0452
At_curve_pe1pct,theta_85.3,179.8113
At_curve_pe1pct,theta_85.73,179.5791
At_curve_pe1pct,theta_86.16,179.3493
At_curve_pe1pct,theta_86.58,179.1224
At_curve_pe1pct,theta_87.01,178.899
At_curve_pe1pct,theta_87.44,178.6797
At_curve_pe1pct,theta_87.86,178.4652
At_curve_pe1pct,theta_88.29,178.2561
At_curve_pe1pct,theta_88.72,178.0532
At_curve_pe1pct,theta_89.15,177.8573
At_curve_pe1pct,theta_89.57,177.6692
At_curve_pe1pct,theta_90.0,177.4896
Pr_percentile_pe1pct,pct_1,-309.8517
Pr_percentile_pe1pct,tx_pct_1,-319.8157
Pr_percentile_pe1pct,pct_2,-304.7736
Pr_percentile_pe1pct,tx_pct_2,-313.2467
Pr_percentile_pe1pct,pct_3,-301.9156
Pr_percentile_pe1pct,tx_pct_3,-309.7151
Pr_percentile_pe1pct,pct_4,-299.9957
Pr_percentile_pe1pct,tx_pct_4,-307.4135
Pr_percentile_pe1pct,pct_5,-298.336
Pr_percentile_pe1pct,tx_pct_5,-305.4498
Pr_percentile_pe1pct,pct_6,-297.1281
Pr_percentile_pe1pct,tx_pct_6,-304.0397
Pr_percentile_pe1pct,pct_7,-296.0999
Pr_percentile_pe1pct,tx_pct_7,-302.851
Pr_percentile_pe1pct,pct_8,-295.1705
Pr_percentile_pe1pct,tx_pct_8,-301.7812
Pr_percentile_pe1pct,pct_9,-294.3392
Pr_percentile_pe1pct,tx_pct_9,-300.8343
Pr_percentile_pe1pct,pct_10,-293.629
Pr_percentile_pe1pct,tx_pct_10,-300.0252
Pr_percentile_pe1pct,pct_11,-292.9846
Pr_percentile_pe1pct,tx_pct_11,-299.2964
Pr_percentile_pe1pct,pct_12,-292.3855
Pr_percentile_pe1pct,tx_pct_12,-298.6202
Pr_percentile_pe1pct,pct_13,-291.8106
Pr_percentile_pe1pct,tx_pct_13,-297.9743
Pr_percentile_pe1pct,pct_14,-291.3201
Pr_percentile_pe1pct,tx_pct_14,-297.4249
Pr_percentile_pe1pct,pct_15,-290.8379
Pr_percentile_pe1pct,tx_pct_15,-296.8839
Pr_percentile_pe1pct,pct_16,-290.4046
Pr_percentile_pe1pct,tx_pct_16,-296.401
Pr_percentile_pe1pct,pct_17,-289.995
Pr_percentile_pe1pct,tx_pct_17,-295.9435
Pr_percentile_pe1pct,pct_18,-289.6117
Pr_percentile_pe1pct,tx_pct_18,-295.5181
Pr_percentile_pe1pct,pct_19,-289.2544
Pr_percentile_pe1pct,tx_pct_19,-295.1209
Pr_percentile_pe1pct,pct_20,-288.9159
Pr_percentile_pe1pct,tx_pct_20,-294.7455
Pr_percentile_pe1pct,pct_21,-288.5982
Pr_percentile_pe1pct,tx_pct_21,-294.3931
Pr_percentile_pe1pct,pct_22,-288.3012
Pr_percentile_pe1pct,tx_pct_22,-294.0636
Pr_percentile_pe1pct,pct_23,-288.0131
Pr_percentile_pe1pct,tx_pct_23,-293.7448
Pr_percentile_pe1pct,pct_24,-287.7251
Pr_percentile_pe1pct,tx_pct_24,-293.426
Pr_percentile_pe1pct,pct_25,-287.4499
Pr_percentile_pe1pct,tx_pct_25,-293.1217
Pr_percentile_pe1pct,pct_26,-287.1908
Pr_percentile_pe1pct,tx_pct_26,-292.8359
Pr_percentile_pe1pct,pct_27,-286.9584
Pr_percentile_pe1pct,tx_pct_27,-292.5795
Pr_percentile_pe1pct,pct_28,-286.7395
Pr_percentile_pe1pct,tx_pct_28,-292.338
Pr_percentile_pe1pct,pct_29,-286.523
Pr_percentile_pe1pct,tx_pct_29,-292.0993
Pr_percentile_pe1pct,pct_30,-286.3146
Pr_percentile_pe1pct,tx_pct_30,-291.8694
Pr_percentile_pe1pct,pct_31,-286.1116
Pr_percentile_pe1pct,tx_pct_31,-291.6458
Pr_percentile_pe1pct,pct_32,-285.9175
Pr_percentile_pe1pct,tx_pct_32,-291.432
Pr_percentile_pe1pct,pct_33,-285.7192
Pr_percentile_pe1pct,tx_pct_33,-291.2135
Pr_percentile_pe1pct,pct_34,-285.5312
Pr_percentile_pe1pct,tx_pct_34,-291.0068
Pr_percentile_pe1pct,pct_35,-285.3472
Pr_percentile_pe1pct,tx_pct_35,-290.8047
Pr_percentile_pe1pct,pct_36,-285.1722
Pr_percentile_pe1pct,tx_pct_36,-290.6125
Pr_percentile_pe1pct,pct_37,-285.0047
Pr_percentile_pe1pct,tx_pct_37,-290.4281
Pr_percentile_pe1pct,pct_38,-284.8516
Pr_percentile_pe1pct,tx_pct_38,-290.2603
Pr_percentile_pe1pct,pct_39,-284.695
Pr_percentile_pe1pct,tx_pct_39,-290.0885
Pr_percentile_pe1pct,pct_40,-284.537
Pr_percentile_pe1pct,tx_pct_40,-289.915
Pr_percentile_pe1pct,pct_41,-284.3894
Pr_percentile_pe1pct,tx_pct_41,-289.753
Pr_percentile_pe1pct,pct_42,-284.2337
Pr_percentile_pe1pct,tx_pct_42,-289.5826
Pr_percentile_pe1pct,pct_43,-284.1005
Pr_percentile_pe1pct,tx_pct_43,-289.4367
Pr_percentile_pe1pct,pct_44,-283.96
Pr_percentile_pe1pct,tx_pct_44,-289.283
Pr_percentile_pe1pct,pct_45,-283.8208
Pr_percentile_pe1pct,tx_pct_45,-289.1307
Pr_percentile_pe1pct,pct_46,-283.6901
Pr_percentile_pe1pct,tx_pct_46,-288.988
Pr_percentile_pe1pct,pct_47,-283.5578
Pr_percentile_pe1pct,tx_pct_47,-288.8436
Pr_percentile_pe1pct,pct_48,-283.4235
Pr_percentile_pe1pct,tx_pct_48,-288.697
Pr_percentile_pe1pct,pct_49,-283.2949
Pr_percentile_pe1pct,tx_pct_49,-288.5569
Pr_percentile_pe1pct,pct_50,-283.1645
Pr_percentile_pe1pct,tx_pct_50,-288.415
Pr_percentile_pe1pct,pct_51,-283.0408
Pr_percentile_pe1pct,tx_pct_51,-288.2804
Pr_percentile_pe1pct,pct_52,-282.9203
Pr_percentile_pe1pct,tx_pct_52,-288.1494
Pr_percentile_pe1pct,pct_53,-282.7948
Pr_percentile_pe1pct,tx_pct_53,-288.0131
Pr_percentile_pe1pct,pct_54,-282.6662
Pr_percentile_pe1pct,tx_pct_54,-287.8739
Pr_percentile_pe1pct,pct_55,-282.5447
Pr_percentile_pe1pct,tx_pct_55,-287.7422
Pr_percentile_pe1pct,pct_56,-282.4237
Pr_percentile_pe1pct,tx_pct_56,-287.6114
Pr_percentile_pe1pct,pct_57,-282.3018
Pr_percentile_pe1pct,tx_pct_57,-287.4801
Pr_percentile_pe1pct,pct_58,-282.1815
Pr_percentile_pe1pct,tx_pct_58,-287.3503
Pr_percentile_pe1pct,pct_59,-282.0512
Pr_percentile_pe1pct,tx_pct_59,-287.21
Pr_percentile_pe1pct,pct_60,-281.9238
Pr_percentile_pe1pct,tx_pct_60,-287.0729
Pr_percentile_pe1pct,pct_61,-281.7969
Pr_percentile_pe1pct,tx_pct_61,-286.9371
Pr_percentile_pe1pct,pct_62,-281.6743
Pr_percentile_pe1pct,tx_pct_62,-286.8057
Pr_percentile_pe1pct,pct_63,-281.5504
Pr_percentile_pe1pct,tx_pct_63,-286.6734
Pr_percentile_pe1pct,pct_64,-281.4217
Pr_percentile_pe1pct,tx_pct_64,-286.5359
Pr_percentile_pe1pct,pct_65,-281.2848
Pr_percentile_pe1pct,tx_pct_65,-286.3898
Pr_percentile_pe1pct,pct_66,-281.1529
Pr_percentile_pe1pct,tx_pct_66,-286.2494
Pr_percentile_pe1pct,pct_67,-281.0172
Pr_percentile_pe1pct,tx_pct_67,-286.1054
Pr_percentile_pe1pct,pct_68,-280.8823
Pr_percentile_pe1pct,tx_pct_68,-285.9623
Pr_percentile_pe1pct,pct_69,-280.7485
Pr_percentile_pe1pct,tx_pct_69,-285.8206
Pr_percentile_pe1pct,pct_70,-280.6153
Pr_percentile_pe1pct,tx_pct_70,-285.6794
Pr_percentile_pe1pct,pct_71,-280.4714
Pr_percentile_pe1pct,tx_pct_71,-285.5278
Pr_percentile_pe1pct,pct_72,-280.3193
Pr_percentile_pe1pct,tx_pct_72,-285.3674
Pr_percentile_pe1pct,pct_73,-280.1766
Pr_percentile_pe1pct,tx_pct_73,-285.2173
Pr_percentile_pe1pct,pct_74,-280.0182
Pr_percentile_pe1pct,tx_pct_74,-285.0508
Pr_percentile_pe1pct,pct_75,-279.8563
Pr_percentile_pe1pct,tx_pct_75,-284.881
Pr_percentile_pe1pct,pct_76,-279.7073
Pr_percentile_pe1pct,tx_pct_76,-284.7249
Pr_percentile_pe1pct,pct_77,-279.5404
Pr_percentile_pe1pct,tx_pct_77,-284.5503
Pr_percentile_pe1pct,pct_78,-279.3639
Pr_percentile_pe1pct,tx_pct_78,-284.3659
Pr_percentile_pe1pct,pct_79,-279.1856
Pr_percentile_pe1pct,tx_pct_79,-284.1799
Pr_percentile_pe1pct,pct_80,-278.9998
Pr_percentile_pe1pct,tx_pct_80,-283.9864
Pr_percentile_pe1pct,pct_81,-278.8085
Pr_percentile_pe1pct,tx_pct_81,-283.7873
Pr_percentile_pe1pct,pct_82,-278.6246
Pr_percentile_pe1pct,tx_pct_82,-283.5962
Pr_percentile_pe1pct,pct_83,-278.4145
Pr_percentile_pe1pct,tx_pct_83,-283.3782
Pr_percentile_pe1pct,pct_84,-278.2063
Pr_percentile_pe1pct,tx_pct_84,-283.1621
Pr_percentile_pe1pct,pct_85,-278.0019
Pr_percentile_pe1pct,tx_pct_85,-282.9507
Pr_percentile_pe1pct,pct_86,-277.7759
Pr_percentile_pe1pct,tx_pct_86,-282.7169
Pr_percentile_pe1pct,pct_87,-277.5308
Pr_percentile_pe1pct,tx_pct_87,-282.4639
Pr_percentile_pe1pct,pct_88,-277.2767
Pr_percentile_pe1pct,tx_pct_88,-282.2019
Pr_percentile_pe1pct,pct_89,-277.0335
Pr_percentile_pe1pct,tx_pct_89,-281.9513
Pr_percentile_pe1pct,pct_90,-276.759
Pr_percentile_pe1pct,tx_pct_90,-281.6688
Pr_percentile_pe1pct,pct_91,-276.4691
Pr_percentile_pe1pct,tx_pct_91,-281.3711
Pr_percentile_pe1pct,pct_92,-276.1468
Pr_percentile_pe1pct,tx_pct_92,-281.0405
Pr_percentile_pe1pct,pct_93,-275.769
Pr_percentile_pe1pct,tx_pct_93,-280.6539
Pr_percentile_pe1pct,pct_94,-275.3464
Pr_percentile_pe1pct,tx_pct_94,-280.2225
Pr_percentile_pe1pct,pct_95,-274.8236
Pr_percentile_pe1pct,tx_pct_95,-279.6905
Pr_percentile_pe1pct,pct_96,-274.1435
Pr_percentile_pe1pct,tx_pct_96,-279.001
Pr_percentile_pe1pct,pct_97,-273.1185
Pr_percentile_pe1pct,tx_pct_97,-277.9659
Pr_percentile_pe1pct,pct_98,-271.3144
Pr_percentile_pe1pct,tx_pct_98,-276.1484
Pr_percentile_pe1pct,pct_99,-267.5574
Pr_percentile_pe1pct,tx_pct_99,-272.3838
